{
	"info": {
		"_postman_id": "f1242569-f239-4e2c-bf58-70a3e1e88de1",
		"name": "ADK-Chatbot",
		"schema": "https://schema.getpostman.com/json/collection/v2.1.0/collection.json",
		"_exporter_id": "25350357",
		"_collection_link": "https://grey-flare-687554.postman.co/workspace/My-Workspace~f66982bb-efa3-4d6d-84f1-13a23da04d43/collection/25350357-f1242569-f239-4e2c-bf58-70a3e1e88de1?action=share&source=collection_link&creator=25350357"
	},
	"item": [
		{
			"name": "Ask",
			"request": {
				"auth": {
					"type": "basic",
					"basic": [
						{
							"key": "username",
							"value": "{{username}}",
							"type": "string"
						},
						{
							"key": "password",
							"value": "{{password}}",
							"type": "string"
						}
					]
				},
				"method": "POST",
				"header": [],
				"body": {
					"mode": "raw",
					"raw": "{\"message\": \"Full form?\"}",
					"options": {
						"raw": {
							"language": "json"
						}
					}
				},
				"url": {
					"raw": "http://127.0.0.1:8000/api/chat/?session_id=ae89f544",
					"protocol": "http",
					"host": [
						"127",
						"0",
						"0",
						"1"
					],
					"port": "8000",
					"path": [
						"api",
						"chat",
						""
					],
					"query": [
						{
							"key": "session_id",
							"value": "ae89f544"
						}
					]
				}
			},
			"response": []
		},
		{
			"name": "Chat History",
			"request": {
				"auth": {
					"type": "basic",
					"basic": [
						{
							"key": "username",
							"value": "1",
							"type": "string"
						},
						{
							"key": "password",
							"value": "1",
							"type": "string"
						}
					]
				},
				"method": "GET",
				"header": [],
				"url": {
					"raw": "http://127.0.0.1:8000/api/history/?session_id=56f1a14f",
					"protocol": "http",
					"host": [
						"127",
						"0",
						"0",
						"1"
					],
					"port": "8000",
					"path": [
						"api",
						"history",
						""
					],
					"query": [
						{
							"key": "session_id",
							"value": "56f1a14f"
						}
					]
				}
			},
			"response": []
		}
	]
}